<?xml version="1.0" encoding="UTF-8"?>
<projectSettings>
    <appSettings override="false">
        <flashIDEPath><![CDATA[C:\Archivos de programa\Macromedia\Flash 8\Flash.exe]]></flashIDEPath>
        <flexSDKPath><![CDATA[C:\Flex\flex_sdk_2_Hotfix3\bin]]></flexSDKPath>
        <defaultBrowserPath><![CDATA[C:\Archivos de programa\Mozilla Firefox\firefox.exe]]></defaultBrowserPath>
    </appSettings>
    <projectBasePackage></projectBasePackage>
    <devType></devType>
    <projectPath></projectPath>
</projectSettings>    